2016-S-1,AAAI,2016,S,nan,nan,4602.0
2016-S-2,ACL,2016,S,nan,nan,4602.0
2016-S-3,ASE,2016,S,nan,nan,4612.0
2016-S-4,ASPLOS,2016,S,nan,nan,4612.0
2016-S-5,CAV,2016,S,nan,nan,4612.0
2016-S-6,CCS,2016,S,nan,nan,4604.0
2016-S-7,CHI,2016,S,nan,nan,4608.0
2016-S-8,CIKM,2016,S,nan,nan,4605.0
2016-S-9,CoNEXT,2016,S,nan,nan,4606.0
2016-S-10,CRYPTO,2016,S,nan,nan,4604.0
2016-S-11,CVPR,2016,S,nan,nan,4603.0
2016-S-12,DAC,2016,S,nan,nan,4606.0
2016-S-13,ECCV,2016,S,nan,nan,4603.0
2016-S-14,EMNLP,2016,S,nan,nan,4602.0
2016-S-15,EuroCrypt,2016,S,nan,nan,4604.0
2016-S-16,SCA,2016,S,Eurographics,nan,4607.0
2016-S-17,EuroSys,2016,S,nan,nan,4606.0
2016-S-18,FOCS,2016,S,nan,nan,4613.0
2016-S-19,ESEC/FSE,2016,S,FSE/ESEC,nan,4612.0
2016-S-20,HPCA,2016,S,nan,nan,4606.0
2016-S-21,HPDC,2016,S,nan,nan,4606.0
2016-S-22,ICCV,2016,S,nan,nan,4603.0
2016-S-23,ICDE,2016,S,nan,nan,4605.0
2016-S-24,ICDM,2016,S,nan,nan,4605.0
2016-S-25,ICML,2016,S,nan,nan,4611.0
2016-S-26,ICSE,2016,S,nan,nan,4612.0
2016-S-27,INFOCOM,2016,S,nan,nan,4606.0
2016-S-28,ISCA,2016,S,nan,nan,nan
2016-S-29,ISMB,2016,S,nan,nan,4601.0
2016-S-30,KDD,2016,S,nan,nan,4605.0
2016-S-31,LICS,2016,S,nan,nan,4613.0
2016-S-32,MICRO,2016,S,nan,nan,nan
2016-S-33,MOBICOM,2016,S,nan,nan,4606.0
2016-S-34,Mobisys,2016,S,nan,nan,4606.0
2016-S-35,NAACL,2016,S,NAACL/HLT,nan,4602.0
2016-S-36,NDSS,2016,S,nan,nan,4604.0
2016-S-37,NeurIPS,2016,S,nan,nan,4611.0
2016-S-38,OOPSLA,2016,S,nan,nan,4612.0
2016-S-39,OSDI,2016,S,nan,nan,4606.0
2016-S-40,PACT,2016,S,nan,nan,4606.0
2016-S-41,PLDI,2016,S,nan,nan,4612.0
2016-S-42,PODS,2016,S,nan,nan,4605.0
2016-S-43,POPL,2016,S,nan,nan,4612.0
2016-S-44,PPoPP,2016,S,nan,nan,4606.0
2016-S-45,RTAS,2016,S,nan,nan,4606.0
2016-S-46,RTSS,2016,S,nan,nan,4606.0
2016-S-47,SP,2016,S,S&P,nan,4604.0
2016-S-48,SC,2016,S,nan,nan,4606.0
2016-S-49,SIGCOMM,2016,S,nan,nan,4606.0
2016-S-50,SIGGRAPH,2016,S,nan,nan,4607.0
2016-S-51,SiggraphA,2016,S,nan,nan,4607.0
2016-S-52,SIGIR,2016,S,nan,nan,4605.0
2016-S-53,SIGMETRICS,2016,S,nan,nan,4612.0
2016-S-54,SIGMOD,2016,S,nan,nan,4605.0
2016-S-55,SoCG,2016,S,nan,nan,4613.0
2016-S-56,SODA,2016,S,nan,nan,4613.0
2016-S-57,SOSP,2016,S,nan,nan,4606.0
2016-S-58,STOC,2016,S,nan,nan,4613.0
2016-S-59,UIST,2016,S,nan,nan,4608.0
2016-S-60,USENIX,2016,S,USENIX ATC,nan,4606.0
2016-S-61,FAST,2016,S,USENIX FAST,nan,4605.0
2016-S-62,NSDI,2016,S,nan,nan,4606.0
2016-S-63,USENIX-Security,2016,S,nan,nan,4604.0
2016-S-64,VLDB,2016,S,nan,nan,4605.0
2016-S-65,WWW,2016,S,nan,nan,4606.0
2016-A-1,AAMAS,2016,A,nan,nan,4602.0
2016-A-2,ACCV,2016,A,nan,nan,4603.0
2016-A-3,ACSAC,2016,A,nan,nan,4604.0
2016-A-4,AISTATS,2016,A,nan,nan,4602.0
2016-A-5,ANCS,2016,A,nan,nan,-1
2016-A-6,AsiaCCS,2016,A,nan,nan,4604.0
2016-A-7,ASIACRYPT,2016,A,nan,nan,4604.0
2016-A-8,AVSS,2016,A,nan,nan,4603.0
2016-A-9,BCB,2016,A,nan,nan,-1
2016-A-10,BIBM,2016,A,nan,nan,-1
2016-A-11,BIGDATA,2016,A,nan,nan,-1
2016-A-12,BMVC,2016,A,nan,nan,-1
2016-A-13,CASES,2016,A,nan,nan,4606.0
2016-A-14,CC,2016,A,nan,nan,4606.0
2016-A-15,CCC,2016,A,nan,nan,4613.0
2016-A-16,CCCGRID,2016,A,nan,nan,-1
2016-A-17,CGO,2016,A,nan,nan,4612.0
2016-A-18,CHES,2016,A,nan,nan,4604.0
2016-A-19,CLUSTER,2016,A,nan,nan,4606.0
2016-A-20,CODES+ISSS,2016,A,nan,nan,4606.0
2016-A-21,COLING,2016,A,nan,nan,4602.0
2016-A-22,COLT,2016,A,nan,nan,4602.0
2016-A-23,CONCUR,2016,A,nan,nan,4606.0
2016-A-24,CoNLL,2016,A,nan,nan,4611.0
2016-A-25,CPM,2016,A,nan,nan,4603.0
2016-A-26,CSCW,2016,A,nan,nan,4608.0
2016-A-27,CSF,2016,A,nan,nan,4604.0
2016-A-28,DATE,2016,A,nan,nan,4606.0
2016-A-29,DISC,2016,A,nan,nan,4606.0
2016-A-30,DSN,2016,A,nan,nan,4612.0
2016-A-31,EACL,2016,A,nan,nan,4602.0
2016-A-32,ECAI,2016,A,nan,nan,4602.0
2016-A-33,ECCB,2016,A,nan,nan,4601.0
2016-A-34,ECOOP,2016,A,nan,nan,4612.0
2016-A-35,ECRTS,2016,A,nan,nan,4606.0
2016-A-36,EDBT,2016,A,nan,nan,4605.0
2016-A-37,EMSOFT,2016,A,nan,nan,4606.0
2016-A-38,ESA,2016,A,nan,nan,4613.0
2016-A-39,ESOP,2016,A,nan,nan,4612.0
2016-A-40,ESORICS,2016,A,nan,nan,4604.0
2016-A-41,EURO-PAR,2016,A,nan,nan,-1
2016-A-42,EuroVis,2016,A,nan,nan,4607.0
2016-A-43,FASE,2016,A,nan,nan,4612.0
2016-A-44,FC,2016,A,nan,nan,4604.0
2016-A-45,FPGA,2016,A,nan,nan,-1
2016-A-46,GECCO,2016,A,nan,nan,4602.0
2016-A-47,I3DG,2016,A,i3D,nan,4607.0
2016-A-48,ICALP,2016,A,nan,nan,4613.0
2016-A-49,ICAPS,2016,A,nan,nan,4602.0
2016-A-50,ICCAD,2016,A,nan,nan,4606.0
2016-A-51,ICCD,2016,A,nan,nan,-1
2016-A-52,ICCI*CC,2016,A,nan,nan,-1
2016-A-53,ICCPS,2016,A,nan,nan,-1
2016-A-54,ICDCS,2016,A,nan,nan,4606.0
2016-A-55,ICFP,2016,A,nan,nan,4612.0
2016-A-56,ICNP,2016,A,nan,nan,4606.0
2016-A-57,ICPP,2016,A,nan,nan,4606.0
2016-A-58,ICPR,2016,A,nan,nan,4603.0
2016-A-59,ICRA,2016,A,nan,nan,4602.0
2016-A-60,ICS,2016,A,nan,nan,4606.0
2016-A-61,ICSME,2016,A,nan,nan,4612.0
2016-A-62,ICSOC,2016,A,nan,nan,4606.0
2016-A-63,ICST,2016,A,nan,nan,4612.0
2016-A-64,ICWS,2016,A,nan,nan,4606.0
2016-A-65,ICWSM,2016,A,nan,nan,46.0
2016-A-66,IISWC,2016,A,nan,nan,-1
2016-A-67,IJCAI,2016,A,nan,nan,4602.0
2016-A-68,IJCNLP,2016,A,nan,nan,4602.0
2016-A-69,IM,2016,A,nan,nan,-1
2016-A-70,IMC,2016,A,nan,nan,4606.0
2016-A-71,IPDPS,2016,A,nan,nan,4606.0
2016-A-72,IPSN,2016,A,nan,nan,4606.0
2016-A-73,ISAAC,2016,A,nan,nan,4613.0
2016-A-74,ISLPED,2016,A,nan,nan,-1
2016-A-75,ISMAR,2016,A,nan,nan,4607.0
2016-A-76,ISPASS,2016,A,nan,nan,4612.0
2016-A-77,ISSRE,2016,A,nan,nan,4612.0
2016-A-78,ISSTA,2016,A,nan,nan,4612.0
2016-A-79,ISWC,2016,A,nan,nan,4608.0
2016-A-80,IUI,2016,A,nan,nan,4608.0
2016-A-81,KR,2016,A,nan,nan,4602.0
2016-A-82,LCTES,2016,A,nan,nan,4606.0
2016-A-83,MASCOTS,2016,A,nan,nan,4606.0
2016-A-84,MICCAI,2016,A,nan,nan,4601.0
2016-A-85,Middleware,2016,A,nan,nan,4606.0
2016-A-86,ACMMM,2016,A,nan,nan,4603.0
2016-A-87,MMsys,2016,A,nan,nan,-1
2016-A-88,MOBIHOC,2016,A,nan,nan,4606.0
2016-A-89,MODELS,2016,A,nan,nan,4612.0
2016-A-90,MSST,2016,A,nan,nan,4606.0
2016-A-91,NOMS,2016,A,nan,nan,4606.0
2016-A-92,NOSSDAV,2016,A,nan,nan,4606.0
2016-A-93,PG,2016,A,Pacific Graphics,nan,4607.0
2016-A-94,PAKDD,2016,A,nan,nan,4605.0
2016-A-95,PAM,2016,A,nan,nan,4606.0
2016-A-96,PERCOM,2016,A,nan,nan,4608.0
2016-A-97,PODC,2016,A,nan,nan,4606.0
2016-A-98,PSB,2016,A,nan,nan,4601.0
2016-A-99,RAID,2016,A,nan,nan,4604.0
2016-A-100,RE,2016,A,nan,nan,4612.0
2016-A-101,RECOMB,2016,A,nan,nan,4601.0
2016-A-102,RecSys,2016,A,nan,nan,4605.0
2016-A-103,RSS,2016,A,nan,nan,-1
2016-A-104,SAS,2016,A,nan,nan,4612.0
2016-A-105,SCA,2016,A,nan,nan,4607.0
2016-A-106,SDM,2016,A,nan,nan,4605.0
2016-A-107,IFIP SEC,2016,A,nan,nan,4604.0
2016-A-108,SECON,2016,A,nan,nan,4606.0
2016-A-109,SENSYS,2016,A,nan,nan,4606.0
2016-A-110,SGP,2016,A,nan,nan,4607.0
2016-A-111,SMC,2016,A,nan,nan,4608.0
2016-A-112,SOCC,2016,A,nan,nan,-1
2016-A-113,SOUPS,2016,A,nan,nan,4608.0
2016-A-114,SPAA,2016,A,nan,nan,4606.0
2016-A-115,SPLC,2016,A,nan,nan,-1
2016-A-116,SRDS,2016,A,nan,nan,4606.0
2016-A-117,STACS,2016,A,nan,nan,4613.0
2016-A-118,SYSTOR,2016,A,nan,nan,-1
2016-A-119,TACAS,2016,A,nan,nan,4613.0
2016-A-120,UAI,2016,A,nan,nan,4602.0
2016-A-121,UbiComp,2016,A,nan,nan,4608.0
2016-A-122,VEE,2016,A,nan,nan,4606.0
2016-A-123,IEEE VIS,2016,A,nan,nan,4608.0
2016-A-124,VMCAI,2016,A,nan,nan,4612.0
2016-A-125,VR,2016,A,nan,nan,4607.0
2016-A-126,VRST,2016,A,nan,nan,4607.0
2016-A-127,WADS,2016,A,nan,nan,4613.0
2016-A-128,WHC/HS,2016,A,nan,nan,-1
2016-A-129,WoWMoM,2016,A,nan,nan,4606.0
2016-A-130,WSDM,2016,A,nan,nan,4605.0
2016-A-131,CVPR(spotlight/poster),2016,A,nan,nan,-1
2016-A-132,ECCV(spotlight/poster),2016,A,nan,nan,-1
2016-A-133,ICCV(spotlight/poster),2016,A,nan,nan,-1
2016-A-134,NeurIPS(spotlight/poster),2016,A,nan,nan,-1
